{
  "env": {
    "version": "v12.13.1",
    "os": "linux"
  },
  "data": {
    "Line.eql-0": 2686263.2006393704,
    "Line.eql-1": 7699093.374655662,
    "Line.translate-0": 3730160.811906579,
    "Line.isParallelTo-0": 7412718.57580178,
    "Line.isParallelTo-1": 6320068.717613095,
    "Line.isParallelTo-2": 5321851.951029306,
    "Line.isParallelTo-3": 4746257.22129964,
    "Line.isParallelTo-4": 9526994.225083213,
    "Line.isParallelTo-5": 9444013.986172888,
    "Line.isParallelTo-6": 2133547.419767904,
    "Line.isParallelTo-7": 1989974.9651204194,
    "Line.isPerpendicularTo-0": 1616404.19866739,
    "Line.isPerpendicularTo-1": 1615264.316252557,
    "Line.isPerpendicularTo-2": 1783714.5823829693,
    "Line.isPerpendicularTo-3": 1796598.0729228177,
    "Line.isPerpendicularTo-4": 2744296.942721271,
    "Line.isPerpendicularTo-5": 12284154.85395921,
    "Line.isPerpendicularTo-6": 11650684.78073427,
    "Line.distanceFrom-0": 2482335.2165245013,
    "Line.distanceFrom-1": 2488850.349886863,
    "Line.distanceFrom-2": 3266256.0074483883,
    "Line.distanceFrom-3": 2317765.147713291,
    "Line.distanceFrom-4": 5109493.932447505,
    "Line.distanceFrom-5": 2109013.9982480328,
    "Line.distanceFrom-6": 476370.478586339,
    "Line.distanceFrom-7": 499152.1925300759,
    "Line.distanceFrom-8": 1155909.9578596805,
    "Line.contains-0": 2270268.2679646006,
    "Line.contains-1": 2275625.5964536215,
    "Line.contains-2": 1824375.1261369865,
    "Line.contains-3": 1687583.8083874695,
    "Line.positionOf-0": 1976007.6891545076,
    "Line.positionOf-1": 1938643.7585785089,
    "Line.positionOf-2": 2207022.8479651497,
    "Line.liesIn-0": 1795490.9765972255,
    "Line.liesIn-1": 4360813.756739359,
    "Line.intersects-0": 5227881.998388417,
    "Line.intersects-1": 1938176.0198293827,
    "Line.intersects-2": 4800595.410479525,
    "Line.intersects-3": 4855723.558089896,
    "Line.intersectionWith-0": 3548427.797123902,
    "Line.intersectionWith-1": 3521082.4458159436,
    "Line.intersectionWith-2": 1594319.0279377531,
    "Line.intersectionWith-3": 644047.8669133156,
    "Line.intersectionWith-4": 638446.617851856,
    "Line.intersectionWith-5": 4726237.032135558,
    "Line.intersectionWith-6": 4780698.335335267,
    "Line.intersectionWith-7": 4119736.564399609,
    "Line.pointClosestTo-0": 1266781.3825101363,
    "Line.pointClosestTo-1": 1994360.5046811732,
    "Line.pointClosestTo-2": 352013.5351615915,
    "Line.pointClosestTo-3": 1925042.5643598293,
    "Line.pointClosestTo-4": 833042.3702606179,
    "Line.pointClosestTo-5": 2532305.2557087285,
    "Line.pointClosestTo-6": 827099.8634596914,
    "Line.pointClosestTo-7": 3884273.3684358206,
    "Line.pointClosestTo-8": 4487013.529566966,
    "Line.rotate-0": 1192421.6595580038,
    "Line.rotate-1": 1144189.395475086,
    "Line.rotate-2": 1145841.7669483493,
    "Line.rotate-3": 1150891.5733153785,
    "Line.rotate-4": 728138.0642631849,
    "Line.reverse-0": 2563322.250478287,
    "Line.reflectionIn-0": 1623389.8924952277,
    "Line.reflectionIn-1": 1074870.6084964657,
    "Line.reflectionIn-2": 1814982.5408105138,
    "Segment.eql-0": 4571023.514559056,
    "Segment.eql-1": 3013213.870225901,
    "Segment.eql-2": 3138547.861894213,
    "Segment.eql-3": 4249108.459705301,
    "Segment.length-0": 19696950.37501627,
    "Segment.midpoint-0": 19030918.844706938,
    "Segment.bisectingPlane-0": 4134015.283948162,
    "Segment.translate-0": 1729630.5870929693,
    "Segment.isParallelTo-0": 6705419.972864991,
    "Segment.isParallelTo-1": 5627672.040204552,
    "Segment.isParallelTo-2": 5117047.934223535,
    "Segment.isParallelTo-3": 5050724.642204419,
    "Segment.isParallelTo-4": 8556097.47431818,
    "Segment.isParallelTo-5": 8635746.71260174,
    "Segment.isParallelTo-6": 2124737.3677120153,
    "Segment.isParallelTo-7": 2101092.919147431,
    "Segment.isPerpendicularTo-0": 6608070.018313939,
    "Segment.isPerpendicularTo-1": 6934199.43822529,
    "Segment.isPerpendicularTo-2": 5054322.777707735,
    "Segment.isPerpendicularTo-3": 5339738.394271057,
    "Segment.isPerpendicularTo-4": 6061541.413617259,
    "Segment.isPerpendicularTo-5": 6325756.880287492,
    "Segment.isPerpendicularTo-6": 2119660.2347245426,
    "Segment.isPerpendicularTo-7": 2062842.6165181655,
    "Segment.distanceFrom-0": 522654.99989373895,
    "Segment.distanceFrom-1": 830159.9744441949,
    "Segment.distanceFrom-2": 599590.3544004615,
    "Segment.distanceFrom-3": 499695.850952028,
    "Segment.distanceFrom-4": 532509.0971928817,
    "Segment.distanceFrom-5": 1391091.3946027344,
    "Segment.distanceFrom-6": 564548.1431531355,
    "Segment.distanceFrom-7": 1140426.2817502704,
    "Segment.contains-0": 1307749.4457394418,
    "Segment.contains-1": 2477831.634422738,
    "Segment.contains-2": 2301795.4747833484,
    "Segment.contains-3": 1843416.2049824498,
    "Segment.intersects-0": 645103.0290908413,
    "Segment.intersects-1": 643335.3854720525,
    "Segment.intersects-2": 4892413.420951293,
    "Segment.intersects-3": 1256359.27751714,
    "Segment.intersectionWith-0": 671632.919175736,
    "Segment.intersectionWith-1": 679515.5534516767,
    "Segment.intersectionWith-2": 383900.4565566952,
    "Segment.intersectionWith-3": 227843.2081027436,
    "Segment.intersectionWith-4": 4891364.825378637,
    "Segment.intersectionWith-5": 4954922.602521926,
    "Segment.intersectionWith-6": 1281015.6956763414,
    "Segment.intersectionWith-7": 1191606.682031558,
    "Plane.isPerpendicularTo-0": 4954472.998123059,
    "Plane.isPerpendicularTo-1": 5313306.607289997,
    "Plane.isPerpendicularTo-2": 4430349.58627387,
    "Plane.isPerpendicularTo-3": 4675748.06092587,
    "Plane.isPerpendicularTo-4": 8798592.202999683,
    "Plane.isPerpendicularTo-5": 8662683.114705643,
    "Plane.isPerpendicularTo-6": 3153148.0286196815,
    "Plane.isParallelTo-0": 7089432.057963732,
    "Plane.isParallelTo-1": 7152965.09222787,
    "Plane.isParallelTo-2": 5859406.18952023,
    "Plane.isParallelTo-3": 5924128.089819468,
    "Plane.isParallelTo-4": 6570627.705522708,
    "Plane.isParallelTo-5": 6020261.010594142,
    "Plane.isParallelTo-6": 3586236.7890819525,
    "Plane.isParallelTo-7": 3795490.6206759633,
    "Plane.intersectionWith-0": 5085780.950794256,
    "Plane.intersectionWith-1": 4991217.275522832,
    "Plane.intersectionWith-2": 4282783.006509852,
    "Plane.intersectionWith-3": 3766814.8828410134,
    "Plane.intersectionWith-4": 3727259.1132332375,
    "Plane.intersectionWith-5": 1081621.3272205328,
    "Plane.intersectionWith-6": 1097100.3341665831,
    "Plane.intersectionWith-7": 4857102.316239488,
    "Plane.intersectionWith-8": 259300.3072814057,
    "Plane.distanceFrom-0": 5533204.278220814,
    "Plane.distanceFrom-1": 2190566.4096342786,
    "Plane.distanceFrom-2": 3995580.853225441,
    "Plane.distanceFrom-3": 588030.6822823503,
    "Plane.distanceFrom-4": 1455432.828833834,
    "Plane.distanceFrom-5": 1504990.6986917148,
    "Plane.distanceFrom-6": 3372200.4803193295,
    "Plane.translate-0": 4245402.966163507,
    "Plane.rotate-0": 892232.4252949752,
    "Plane.rotate-1": 982458.8490497915,
    "Plane.reflectionIn-0": 1813699.8333591674,
    "Plane.reflectionIn-1": 839344.6526509502,
    "Plane.reflectionIn-2": 2139161.2205061777,
    "Plane.fromPoints-0": 663830.8393753403,
    "Plane.fromPoints-1": 585824.3646640996,
    "Polygon.v-0": 23942616.72255259,
    "Polygon.v-1": 22825895.65798569,
    "Polygon.translate-0": 304338.18161980883,
    "Polygon.rotate-0": 186995.3103056603,
    "Polygon.scale-0": 379120.450446215,
    "Polygon.scale-1": 362205.36103434704,
    "Polygon.isTriangle-0": 25272911.042741206,
    "Polygon.isTriangle-1": 25515925.42667427,
    "Polygon.area-0": 15359700.690827643,
    "Polygon.area-1": 6493430.525014563,
    "Polygon.area-2": 4967702.578156327,
    "Polygon.area-3": 4625679.453035627,
    "Polygon.centroid-0": 15902352.8466812,
    "Polygon.centroid-1": 1553686.7551751153,